,Re_l [-],Re_lo [-],Re_g [-],Re_go [-],x [-],xv [-],f_l [-],f_lo [-],f_g [-],f_go [-],1/Re_l [-],1/Re_lo [-],1/Re_g [-],1/Re_go [-],G*_l/G*_g [-],(1-x)/x [-],(1-xv)/xv [-],X [-],Y [-]
Test bi smooth 13 @ Q_l_20 Q_g_3000,938.8921306899231,1276.045032123508,15500.05882499434,58664.10455658606,0.2642170871293763,0.9961004079527332,0.01704136127783153,0.01253874244028354,0.006896781939483092,0.005042321468083506,0.001065085079864471,0.0007836714025177214,6.451588418409535e-05,1.704619899269787e-05,2.784766575336367,2.784766575336367,0.003914858397941542,0.1641274878667067,16.91315558931953
Test bi smooth 78 @ Q_l_100 Q_g_3500,4694.55433894725,5087.951332408645,18080.44246009866,233841.165119185,0.07731933105483525,0.9784558334164517,0.00952316045780381,0.009304866448159697,0.006636201347730358,0.003792330447770152,0.0002130127649612528,0.0001965427604683078,5.530838098718427e-05,4.276407019655057e-06,11.93337625089895,11.93337625089895,0.02201853762609093,0.6140541580350192,14.8622802216877
Test bi smooth 98 @ Q_l_30 Q_g_2000,1408.336276344605,1659.205596445891,11503.07992211298,76079.34910266609,0.1511984534277498,0.9923613814239794,0.01387716407067042,0.009643169016710692,0.007444911674038704,0.004765770892764556,0.0007100576877814588,0.0006026980635444182,8.693323933859201e-05,1.314417133945953e-05,5.613824264266367,5.613824264266367,0.007697416202411654,0.2838065916911493,18.98513163381854
Test bi smooth 40 @ Q_l_60 Q_g_500,2816.666325867744,2872.841186538552,2581.544504596258,132022.8886929907,0.01955376473089788,0.9376396697315662,0.01109425887782616,0.01102694025435067,0.01139844702963299,0.004247647989018498,0.0003550296287551651,0.0003480874629219886,0.000387365005026863,7.574444173278354e-06,50.14104694222131,50.14104694222132,0.06650777722137836,1.801603515965243,17.04147692343908
Test bi smooth 44 @ Q_l_60 Q_g_2500,2816.693052140109,3097.584956127724,12906.72154228505,142331.1455928421,0.09068093626679936,0.9848396616137991,0.01109422639228114,0.01077540408048669,0.00722614601085884,0.004183375364885726,0.0003550262600464062,0.0003228321463860979,7.747900942340748e-05,7.025869115538761e-06,10.02767617063219,10.02767617063219,0.01539371227328369,0.4868183929733948,15.90285512493021
Test bi smooth 20 @ Q_l_30 Q_g_2500,1408.338423329381,1689.299475379657,12916.69869689149,77662.62324641115,0.1663180840017321,0.9929850149840191,0.01387715692184156,0.009471381618942447,0.007224709037887097,0.004744803343208989,0.0007100566053122026,0.0005919613511839029,7.741916285781741e-05,1.287620683153026e-05,5.012575277079222,5.012575277079222,0.007064542677004803,0.2608029799552604,18.85345150239186
Test bi smooth 47 @ Q_l_60 Q_g_4000,2816.722670954231,3266.180840679167,20648.96852084802,150054.598860347,0.137609701253246,0.9890508121956275,0.01109419039139454,0.01060325162195573,0.006422625663503459,0.004139040662230917,0.0003550225268223607,0.0003061679829681631,4.842856915542101e-05,6.664240933599649e-06,6.266929517997275,6.266929517997275,0.01107039968964386,0.3461788715514888,14.86538177544316
Test bi smooth 87 @ Q_l_20 Q_g_500,938.8858912294462,1001.601077785692,2875.895038861615,45929.85732313718,0.06261493517448577,0.9815539271849745,0.01704147452790927,0.01597442370506658,0.01102333478715422,0.005324370878521815,0.001065092157994329,0.0009984014815666612,0.0003477178361821705,2.177232977155907e-05,14.97063060455708,14.97063060455708,0.01879272478479866,0.6594957636977717,16.29471317807228
Test bi smooth 95 @ Q_l_30 Q_g_500,1408.329741005482,1471.045188237403,2875.879861496998,67456.2554988956,0.0426332567710356,0.9722848849700481,0.0138771858315294,0.01087662032950265,0.01102335269240942,0.004890951046585097,0.0007100609827965762,0.0006797887705939159,0.0003477196712520058,1.482442202882685e-05,22.45586698596729,22.45586698596728,0.02850513821451182,0.8976774996789572,18.82144710733489
Test bi smooth 97 @ Q_l_30 Q_g_1500,1408.33342363785,1596.482949068533,8627.453947624568,73205.51614322842,0.1178525116979537,0.990166838305346,0.01387717356937106,0.01002202999370284,0.008034700587352998,0.004805330454728687,0.0007100591260675413,0.0006263768746064275,0.0001159090510445824,1.366017279413036e-05,7.485181907390463,7.485181907390463,0.009930812984489838,0.3583102588467094,19.01045704449856
Test bi smooth 69 @ Q_l_90 Q_g_3000,4225.080538593945,4562.268284284556,15498.07734856855,209694.4140420817,0.07390791700087143,0.9785494949162661,0.009820137794337882,0.009602449681292828,0.006897004338288713,0.003873484276346422,0.0002366818788104777,0.0002191892141557426,6.452413273652705e-05,4.768844246844452e-06,12.53035020575954,12.53035020575954,0.02192071550307164,0.6253706696663355,15.1849763684544
Test bi smooth 64 @ Q_l_90 Q_g_500,4225.007585791576,4281.199117975427,2583.37801321038,196826.0206069278,0.01312518540609793,0.9066514017759848,0.009820187532735399,0.009782233250792277,0.01139592206798183,0.003921803691707912,0.0002366859655738689,0.0002335794183926906,0.0003870900793017487,5.080629059696604e-06,75.18939992538331,75.18939992538331,0.1029597462058298,2.582838173418139,17.11072833798828
Test bi smooth 8 @ Q_l_20 Q_g_500,938.8867598504297,995.0767756637069,2583.463359444843,45750.91059423151,0.05646802054625288,0.979061295688218,0.01704145876180946,0.01607916131830948,0.01139580459883145,0.005329053036648316,0.001065091172613091,0.001004947582394343,0.0003870772915528744,2.185748845239563e-05,16.70913855889284,16.70913855889284,0.02138651012351932,0.7310176755520341,16.09164320092261
Test bi smooth 28 @ Q_l_40 Q_g_2500,1877.788354586646,2158.753168104657,12916.48606273468,99241.98286459334,0.1301514307745952,0.990377325372378,0.01261484584931045,0.00741168570654499,0.007224739646958648,0.004505142664642726,0.000532541379094945,0.0004632303566590618,7.742043734983753e-05,1.007638069227626e-05,6.683357716841899,6.683357716841898,0.00971617017181196,0.3367245513370262,20.44775222205446
Test bi smooth 48 @ Q_l_70 Q_g_500,3286.113420433528,3342.304544977462,2583.400987170626,153663.286346378,0.01681208991812976,0.9270641165882263,0.01058373822307408,0.0105296268102763,0.01139589044645184,0.004119324399707689,0.0003043108596866607,0.0002991947581505452,0.0003870866369433468,6.507735346397993e-06,58.48100473348195,58.48100473348194,0.07867404433707535,2.067133678870984,17.0528975192559
Test bi smooth 88 @ Q_l_20 Q_g_1000,938.8865322908292,1064.317459866887,5751.75779450788,48805.31750758336,0.1178510475546885,0.990581153749698,0.01704146289217816,0.01503310863847061,0.008985664154591686,0.005252296024668644,0.001065091430761135,0.0009395692899044133,0.0001738598939188398,2.048957062608229e-05,7.485287324543738,7.485287324543738,0.00950840444990129,0.3673976773512266,16.58443246546669
Test bi smooth 75 @ Q_l_100 Q_g_2000,4694.503397399426,4919.285560390707,10332.60356493832,226125.715856796,0.04569406679725845,0.9675433988598137,0.009523190382175861,0.00939544116479525,0.007657452248158892,0.00381704701391675,0.0002130150764304402,0.0002032815512992046,9.67810284905641e-05,4.42231878055521e-06,20.88467934878578,20.88467934878578,0.0335453698288204,0.9334246866572304,15.90386862948456
Test bi smooth 29 @ Q_l_40 Q_g_3000,1877.793760266132,2214.957969916089,15499.41879652992,101821.4870080162,0.1522214932424792,0.9916212415279161,0.01261483403875258,0.007223613367528658,0.006896853771363338,0.004481080475838779,0.0005325398460469238,0.0004514758354705411,6.451854828413852e-05,9.82110976164856e-06,5.569374525889477,5.569374525889476,0.008449555254760075,0.2933833064436849,20.22089677187066
Test bi smooth 73 @ Q_l_100 Q_g_1000,4694.471431127953,4806.857442996356,5166.589532795736,220979.9861899752,0.02338035050990567,0.942655719842809,0.009523209160217823,0.009458283630536999,0.009264069203762304,0.003834140387033567,0.0002130165269234,0.0002080361258595282,0.0001935512766501661,4.525296689720606e-06,41.77095844120578,41.77095844120578,0.06083268679126384,1.616205146957284,16.68386087373903
Test bi smooth 105 @ Q_l_40 Q_g_1500,1877.780046610628,2065.930964340495,8627.372629346477,94730.10533735628,0.09107318733176077,0.9866881700390859,0.01261486400102547,0.00774469247819598,0.008034720990540978,0.004549254484609406,0.0005325437352500304,0.0004840432798872488,0.0001159101435584741,1.055630621795219e-05,9.980180108962335,9.980180108962333,0.01349142552341207,0.4597841499765788,20.8453070386722
Test bi smooth 71 @ Q_l_90 Q_g_4000,4225.105589458014,4674.706845615338,20663.0928819758,214843.487254755,0.09617742267176162,0.9826398754023562,0.009820120715221961,0.009534854199415198,0.006421551951438413,0.003855204773797115,0.0002366804755116848,0.0002139171573802439,4.839546556325503e-05,4.654551146873863e-06,9.397450588927114,9.397450588927116,0.0176668228434506,0.503874831026938,14.6653521431913
Test bi smooth 7 @ Q_l_10 Q_g_4000,469.4459311949278,918.9822807374088,20666.79322724769,42248.90110629361,0.4891675921996717,0.998540626078029,0.0340827322952264,0.01741056420278451,0.006421270820873634,0.005425878362580598,0.00213017076845165,0.001088160262674032,4.838680045831064e-05,2.366925467443779e-05,1.044289147413129,1.044289147413129,0.001461506806891802,0.09000518145035716,14.9223961581624
Test bi smooth 92 @ Q_l_20 Q_g_3000,938.8925722757858,1315.201011671081,17254.35888688777,60304.1225975078,0.2861223767743012,0.9964909888668918,0.01704135326283126,0.01216544076381949,0.006713823897370809,0.005011903716929856,0.001065084578926954,0.0007603400477387182,5.795636955018578e-05,1.658261420490889e-05,2.495008014660871,2.495008014660871,0.00352136765140073,0.1493340091046609,17.08510777671461
Test bi smooth 65 @ Q_l_90 Q_g_1000,4225.018923144366,4337.403988601644,5166.643056562604,199402.1012492493,0.02591067508413256,0.9490374511092502,0.009820179802976354,0.009744968941328546,0.009264041733835621,0.003911811561446113,0.0002366853304542775,0.0002305526537596962,0.0001935492715584083,5.014992288120458e-06,37.59413144400818,37.59413144400818,0.0536991968348393,1.462862109771358,16.76389245429231
Test bi smooth 42 @ Q_l_60 Q_g_1500,2816.676671407327,2985.205344520668,7744.401451289203,137179.2002833494,0.05645463332118,0.977021466051026,0.01109424630286282,0.01089778812915842,0.008273382975820039,0.00421471662032576,0.0003550283247456866,0.000334985330853536,0.000129125537498257,7.289734871864378e-06,16.71333797016854,16.71333797016855,0.02351896529136638,0.7260190910091041,16.57820485587272
Test bi smooth 63 @ Q_l_80 Q_g_4000,3755.639302860009,4205.232573865186,20663.55201924103,193274.7833364915,0.106912819471466,0.9850189182317507,0.01016790412313072,0.009833714935201935,0.006421517065180562,0.003935857216999331,0.0002662662517240344,0.0002377989760221187,4.839439023207831e-05,5.173980706313866e-06,8.353415286806557,8.353415286806557,0.0152089279616502,0.4485163079176041,14.82666909977036
Test bi smooth 84 @ Q_l_10 Q_g_3000,469.4450021066756,845.746788083539,17254.74815022561,38780.43732734487,0.444934336469149,0.9983169653598153,0.0340827997490624,0.01891819185770244,0.006713786138481347,0.005532894018475351,0.0021301749843164,0.001182386991106403,5.795506206718669e-05,2.578619708589206e-05,1.247522652298916,1.247522652298916,0.001685872021195301,0.1033285658394871,14.71120615518132
Test bi smooth 15 @ Q_l_20 Q_g_4000,938.8952656561628,1388.442422193539,20666.18211722562,63828.24035046001,0.3237780331050074,0.9969199478126367,0.01704130437681793,0.01152370436414807,0.006421317244744843,0.00495007785037644,0.001065081523551121,0.0007202315227592542,4.838823128179456e-05,1.566704634984964e-05,2.088535656388032,2.088535656388032,0.003089568218713347,0.1308606867012839,17.04048742298831
Test bi smooth 25 @ Q_l_40 Q_g_1000,1877.777416185445,1990.158997083984,5166.83959881906,91499.26733423662,0.05646864449684796,0.9783307459886684,0.01261486974814497,0.008039558660108807,0.009263940866167613,0.004582560840728431,0.0005325444812471013,0.0005024724162568004,0.0001935419091060155,1.092904926054885e-05,16.70894288166983,16.70894288166983,0.02214921088821894,0.7098998992585501,20.73640057491289
Test bi smooth 39 @ Q_l_50 Q_g_4000,2347.260278916292,2796.707597546404,20649.59309129349,128493.0880457434,0.1607058667929458,0.9912730033585323,0.01174406265623067,0.0111186428397651,0.006422578163652602,0.004271167468303167,0.0004260285955427537,0.0003575633008174741,4.842710437822772e-05,7.782519785375548e-06,5.222548186672018,5.222548186672018,0.00880382761550023,0.2899555818126753,15.09568666943449
Test bi smooth 34 @ Q_l_50 Q_g_1500,2347.227411013822,2515.754590534191,7744.486262133234,115608.8111172352,0.0669887198673793,0.9811728913610906,0.01174411460556498,0.01149079335246083,0.008273358258427605,0.004364695684463038,0.0004260345611625576,0.000397495051291017,0.0001291241234282399,8.649859732455271e-06,13.92788639609395,13.92788639609395,0.01918837016867867,0.615929317941858,16.60449001097104
Test bi smooth 74 @ Q_l_100 Q_g_1500,4694.486049569469,4863.068546701349,7749.687140354829,223553.8114585732,0.03466586899052235,0.9592666788782541,0.009523200572840836,0.009426608025886104,0.008271843225382483,0.003825527457064858,0.0002130158635984678,0.0002056314835780603,0.0001290374671762832,4.473195932001859e-06,27.84681760821862,27.84681760821862,0.04246297929307682,1.166764842796384,16.31362561948129
Test bi smooth 22 @ Q_l_30 Q_g_3500,1408.344632362906,1801.70160397521,18082.72745916175,82824.71500093093,0.2183252602675241,0.994635548852912,0.01387713624767348,0.008880493842431052,0.006635993344966578,0.004680147382694614,0.0007100534748531048,0.0005550308651519407,5.530139201945128e-05,1.207369080580308e-05,3.580322033165808,3.580322033165808,0.005393383690412665,0.2009503003105429,18.70430574346591
Test bi smooth 72 @ Q_l_100 Q_g_500,4694.45606123266,4750.647846708976,2583.363726663045,218406.5023260534,0.01182823633522782,0.8963401657201627,0.00952321818906539,0.009490485106179473,0.01139594173229622,0.003842881755703963,0.0002130172243506785,0.0002104976062775844,0.0003870922199916887,4.578618261589694e-06,83.54345784601192,83.54345784601192,0.1156478737026718,2.841461701425634,17.10297661855364
Test bi smooth 60 @ Q_l_80 Q_g_2500,3755.597698697516,4036.572916753755,12915.89588877405,185553.5726634835,0.06960736839165084,0.9793590533577187,0.01016793764819034,0.009952872958331575,0.007224824607181878,0.003967591924096875,0.0002662692013968406,0.0002477349030038601,7.742397496941406e-05,5.389279148041957e-06,13.3662951653829,13.3662951653829,0.02107597471174044,0.6296542528390099,15.900140346653
Test bi smooth 111 @ Q_l_50 Q_g_500,2347.219332194528,2410.042112311876,2888.375529017469,110805.4538194646,0.02606708812116327,0.9535856926752073,0.01174412737469665,0.01164671017296431,0.01100865685953941,0.004403095225223174,0.0004260360275173143,0.0004149305088452301,0.0003462153691421722,9.02482653633007e-06,37.36255109707183,37.36255109707183,0.04867345187885643,1.392860246874518,17.03529239825589
Test bi smooth 31 @ Q_l_40 Q_g_4000,1877.803607947199,2327.371496766467,20665.00417853863,106980.8206987524,0.1931655042797743,0.9932270341140825,0.01261481252324851,0.0117756913517622,0.006421406733823459,0.004435251798357654,0.0005325370532721429,0.0004296692648291644,4.839098948929983e-05,9.34746988729786e-06,4.176907769989999,4.176907769989999,0.006819151768214481,0.2365472653871829,15.18896558377024
Test bi smooth 67 @ Q_l_90 Q_g_2000,4225.044903694336,4449.824194907731,10332.76692254094,204551.7449764288,0.05051419592500481,0.9714466084440345,0.009820162089658403,0.009672443968302209,0.007657420299041628,0.003892325343701428,0.0002366838750342299,0.0002247279793984615,9.677949841474684e-05,4.888738544446215e-06,18.79641527867999,18.79641527867999,0.02939265144144096,0.8417342202290964,16.04185510150552
Test bi smooth 109 @ Q_l_40 Q_g_3500,1877.80247622881,2316.855138800739,20128.54727933509,106217.1629424546,0.1895037178712838,0.9931450659511585,0.01261481499585186,0.01179257365441731,0.006462893384544748,0.004441851741326076,0.0005325373742228202,0.0004316195619021846,4.968068416078128e-05,9.414674354857056e-06,4.276941324598327,4.276941324598327,0.006902248507146727,0.2400429132509466,15.27738703054027
Test bi smooth 58 @ Q_l_80 Q_g_1500,3755.574203736376,3924.152346041272,7749.933823303915,180402.5158812029,0.04295912274531323,0.9689356717581016,0.01016795658090361,0.01003629394203804,0.008271771400913858,0.003989723528497816,0.000266270867183269,0.000254832104316442,0.0001290333598711537,5.543159944945065e-06,22.27794275336077,22.27794275336077,0.03206025863980549,0.9369979317629374,16.62029568024169
Test bi smooth 93 @ Q_l_20 Q_g_3500,938.8946155022888,1377.927299828531,20129.72349754261,63178.20184123794,0.3186181770118607,0.9968893489931543,0.01704131617736495,0.0116116430830502,0.006462800791693975,0.004961139174247065,0.001065082261085309,0.0007257276926906375,4.967778122347669e-05,1.582824409141818e-05,2.13855288916167,2.138552889161671,0.00312035734957689,0.1326488064490195,17.11203647532411
Test bi smooth 17 @ Q_l_30 Q_g_1000,1408.331974987454,1520.712979641967,5166.872021704464,69916.88116430577,0.07390020744149375,0.983865485359553,0.01387717839297493,0.01052138057226749,0.009263924226901617,0.004853176542708369,0.0007100598564545895,0.0006575862857667181,0.0001935406946019377,1.430269747945399e-05,12.53176174494087,12.53176174494087,0.01639910626049726,0.5548418910407381,18.77468480640302
Test bi smooth 108 @ Q_l_40 Q_g_3000,1877.795847583466,2254.118135532906,17253.54561895599,103346.3372415459,0.1669487867637746,0.9923919590141258,0.01261482947830636,0.007098119547411107,0.006713902788815457,0.004467226477988342,0.0005325392540871253,0.0004436324717131942,5.795910139776301e-05,9.676201660275128e-06,4.989860839270171,4.989860839270171,0.007666367020377988,0.2680971443749235,20.2393585462301
Test bi smooth 12 @ Q_l_20 Q_g_2500,938.8904797138224,1219.847952108428,12916.90069574853,56081.99250584976,0.2303217150211131,0.9954522192260361,0.01704139124392534,0.01311638878627868,0.007224679960424999,0.005092556120680658,0.001065086952745334,0.0008197742991424173,7.741795215079265e-05,1.783103551279304e-05,3.341753012338989,3.341753012338989,0.004568557572255746,0.1897666723631135,16.85226944288848
Test bi smooth 90 @ Q_l_20 Q_g_2000,938.8888333089186,1189.75466709106,11503.28361203728,54555.39783141144,0.2108550953580256,0.9950691457686998,0.01704142112715445,0.01344815065035203,0.007444877303253107,0.005123713868381853,0.001065088820447153,0.0008405094156470018,8.69317000020393e-05,1.832999189356527e-05,3.742593477772164,3.742593477772164,0.00495528803427134,0.206036855018287,16.96340488398457
Test bi smooth 66 @ Q_l_90 Q_g_1500,4225.02961197929,4393.61003808775,7749.804562776908,201978.4853214705,0.03836945578853243,0.9641393814899244,0.00982017251540096,0.009708380965649624,0.008271809036149623,0.00390198277103614,0.0002366847316678408,0.000227603267320291,0.0001290355120441489,4.951022374528616e-06,25.06239727535756,25.06239727535756,0.0371944339154145,1.051985104261365,16.45665622636122
Test bi smooth 46 @ Q_l_60 Q_g_3500,2816.711866504585,3209.977840003453,18068.41868005383,147480.9098047843,0.1225136100934719,0.9880957804872913,0.01109420352385485,0.01065920131098828,0.00663729645641233,0.004153480248623815,0.0003550238886311634,0.0003115286303655368,5.534518641102359e-05,6.780538588510661e-06,7.16235844521314,7.162358445213141,0.012047637230915,0.3797794168229782,15.22021640917243
Test bi smooth 6 @ Q_l_10 Q_g_3500,469.4453312107968,862.7863006662527,18083.63232417118,39666.1203565453,0.455896169366289,0.9983659375506224,0.03408277585535398,0.01854456890152826,0.006635910985235094,0.005504390057969119,0.002130173490959624,0.001159035556345516,5.529862485997168e-05,2.521043124488453e-05,1.193481909247085,1.193481909247085,0.001636736979815807,0.100164671476908,14.71176241441952
Test bi smooth 116 @ Q_l_50 Q_g_3000,2347.250522801525,2724.220420305051,17328.37411303147,125225.6769626124,0.1383771645986394,0.9901650278484536,0.01174407807613955,0.01120934827869252,0.006706665084233311,0.004293697181312715,0.0004260303662884971,0.0003670774921685752,5.770881869684297e-05,7.985582703606077e-06,6.226625888024829,6.226625888024828,0.00993265958192541,0.3290904787466616,15.49598314306468
Test bi smooth 18 @ Q_l_30 Q_g_1500,1408.333671348651,1576.906526983571,7750.232134611969,72499.16715639812,0.1069009816056625,0.9889689366532096,0.01387717274456354,0.01014644795123401,0.008271684548520425,0.004815366274933872,0.0007100590011757498,0.0006341529969521258,0.0001290283932959986,1.379326189834374e-05,8.354451053488084,8.354451053488082,0.01115410498546176,0.3953937852136006,18.85381507246331
Test bi smooth 70 @ Q_l_90 Q_g_3500,4225.098825301735,4618.495769768188,18080.44527663725,212265.1464386127,0.08517858715851935,0.9805726763251783,0.009820125326857497,0.00956835652278622,0.006636201091319773,0.003864286901442438,0.0002366808544244134,0.0002165207136370707,5.530837237134618e-05,4.711089016628555e-06,10.74003976068512,10.74003976068512,0.01981222212679643,0.5611361979474929,14.7962737342523
Test bi smooth 68 @ Q_l_90 Q_g_2500,4225.060487494292,4506.041460514407,12915.56818007069,207124.6500428799,0.06235649970873505,0.9758625094664796,0.009820151464830179,0.009637141235663307,0.007224871785743821,0.003882823980850813,0.0002366830020445597,0.0002219242784965056,7.74259394598718e-05,4.828010571378034e-06,15.03682061486715,15.03682061486716,0.0247345197703279,0.7110068285510607,15.65042038872573
Test bi smooth 30 @ Q_l_40 Q_g_3500,1877.798375527465,2271.163023638473,18082.29160982825,104401.43079482,0.1731996532247279,0.9925552104649493,0.01261482395517301,0.007044848755228283,0.006636033017446422,0.004457795246664235,0.0005325385371680836,0.0004403030472017677,5.530272498517118e-05,9.578412789814143e-06,4.773683615304311,4.773683615304311,0.007500630147881914,0.2608927553864457,20.06791079825904
Test bi smooth 32 @ Q_l_50 Q_g_500,2347.220170683063,2403.394751597843,2581.560341896218,110450.4648830268,0.02337301472320859,0.9481087056273231,0.01174412604940467,0.011656843694286,0.01139842520871038,0.00440601873432629,0.0004260358753260844,0.0004160781325394726,0.0003873626286284968,9.053832422154638e-06,41.78438241032872,41.78438241032872,0.05473137633341597,1.535016695730043,16.98718795887353
Test bi smooth 83 @ Q_l_10 Q_g_2500,469.444371345101,783.0264677790299,14379.11594294462,35905.20152339552,0.4004744530837771,0.9980249610049855,0.03408284554388229,0.02043353661515718,0.007029159721063901,0.0056317496414584,0.002130177846492643,0.001277096038447324,6.954530472999409e-05,2.7851117876289e-05,1.497038181336389,1.497038181336389,0.001978947493483215,0.1198532435075153,14.43940183691713
Test bi smooth 91 @ Q_l_20 Q_g_2500,938.8904592160033,1252.476263534919,14378.89935753655,57429.99170573649,0.2503726525194725,0.9959386575317434,0.01704139161597232,0.01277469319445823,0.00702918664778451,0.005065959411408132,0.00106508697599827,0.0007984183246536394,6.95463522718003e-05,1.741250469134428e-05,2.99404643413372,2.99404643413372,0.004077904233903258,0.1720472628427818,17.06343129345789
Test bi smooth 35 @ Q_l_50 Q_g_2000,2347.232347593727,2571.938375738225,10325.80433875142,118187.004854722,0.08736835620332477,0.9853436847591855,0.01174410680299086,0.01141171816502985,0.007658782643221138,0.004344929178075827,0.0004260336651482983,0.0003888118041370138,9.684475583632046e-05,8.461167124331663e-06,10.44579162818157,10.44579162818157,0.01487431793343904,0.4881118296091635,16.35189091892436
Test bi smooth 16 @ Q_l_30 Q_g_500,1408.330728523861,1464.520900432901,2583.454588270763,67334.25279364773,0.03836761352632823,0.9687010310070833,0.01387718254335872,0.01092507453821282,0.0113958166710732,0.004892870936015433,0.0007100604849033918,0.0006828171586383012,0.0003870786057320832,1.485128234903855e-05,25.06364868937679,25.06364868937679,0.03231024639292231,0.9930479193237596,18.63896050206401
Test bi smooth 11 @ Q_l_20 Q_g_2000,938.8890733967651,1163.65281598939,10333.64650158452,53499.62904293754,0.1931536103416899,0.9944578310081876,0.01704141676941059,0.01374980559506151,0.007657248284883391,0.005145943179542009,0.001065088548088162,0.0008593628496913446,9.677126074001703e-05,1.869171838925133e-05,4.177226551608296,4.177226551608296,0.005573055808906127,0.2276183103950344,16.74871656632425
Test bi smooth 100 @ Q_l_30 Q_g_3000,1408.343770970903,1784.660688068447,17253.86151621899,81825.41620203466,0.2108618851826868,0.9944625481477917,0.01387713911583536,0.008965289652520409,0.006713872144450636,0.004692245255434993,0.0007100539091464909,0.0005603306032825255,5.795804023696255e-05,1.222114162585994e-05,3.742440764643731,3.742440764643731,0.005568285967653539,0.2075399323336709,18.75533782853647
Test bi smooth 85 @ Q_l_10 Q_g_3500,469.4457209148828,908.4688173448675,20130.28537168293,41655.52266643448,0.4832560986662082,0.9985212598481991,0.0340827475619935,0.0176120519433593,0.006462756563088529,0.005443341545405714,0.002130171722624594,0.001100753246459956,4.967639462313285e-05,2.400642066137818e-05,1.069296182210655,1.069296182210655,0.001480930062546436,0.09138495094240486,14.93858791326465
Test bi smooth 36 @ Q_l_50 Q_g_2500,2347.240252189493,2628.12903172019,12906.89985793798,120763.0944989207,0.1068778496567371,0.9876365233121923,0.01174409430933094,0.01133508358867541,0.007226120315366553,0.004325730057099249,0.0004260322304319745,0.0003804988217589415,7.747793900988408e-05,8.280675517212234e-06,8.356475670232243,8.356475670232243,0.01251824572702602,0.4123257746607299,15.96089291952453
Test bi smooth 4 @ Q_l_10 Q_g_2500,469.4442545533477,750.3978113083252,12917.12125533046,34500.29118818942,0.3744061516719146,0.9977977296516781,0.0340828540232603,0.02132202381041578,0.007224648211882486,0.005683975041652605,0.002130178376453769,0.001332626488150986,7.741663024083895e-05,2.898526260388008e-05,1.670896286117334,1.670896286117334,0.00220713104758283,0.1319011043231275,14.20602439105581
Test bi smooth 118 @ Q_l_50 Q_g_4000,2347.267712771312,2849.918583011354,23103.10913681832,130989.4878385765,0.1763737649336349,0.9918646581016238,0.01174405090680343,0.01105418005415018,0.006249685983060904,0.004254448550260156,0.000426027246299633,0.0003508872169054578,4.328421746518732e-05,7.634200396541282e-06,4.669777477258454,4.669777477258454,0.008202068530142792,0.2682808379311178,14.80283053153594
Test bi smooth 19 @ Q_l_30 Q_g_2000,1408.335572313156,1633.101394215722,10333.52935236586,75081.2603520885,0.1376312718234546,0.9915208776582028,0.0138771664148919,0.009797309620009118,0.007657271193910522,0.004779284786191731,0.0007100580427415642,0.0006123318512505698,9.677235781703668e-05,1.331890268371319e-05,6.265790592146399,6.265790592146399,0.00855163268152592,0.3116203716803294,18.90564320172677
Test bi smooth 102 @ Q_l_30 Q_g_4000,1408.351182703237,1910.1241054296,23004.14548461528,87571.03228333386,0.2626912677035249,0.9955200368057643,0.01387711443720441,0.008376419079011356,0.006256172849376474,0.004625185967571099,0.0007100501723444904,0.0005235261924382098,4.347042582689196e-05,1.14193012680783e-05,2.806750063457025,2.806750063457026,0.004500123582253724,0.1673822132398369,18.55773852608547
Test bi smooth 14 @ Q_l_20 Q_g_3500,938.8935922729374,1332.242705845822,18083.17242585091,61246.2917332297,0.2952533437390094,0.9965744349966039,0.01704133474941086,0.01200982368287153,0.006635952843931984,0.004994917450413677,0.001065083421838179,0.0007506139801794705,5.530003123624723e-05,1.632751913137365e-05,2.386921845951912,2.386921845951912,0.00343733983443771,0.1451544963889706,16.9943166454435
Test bi smooth 117 @ Q_l_50 Q_g_3500,2347.259674548623,2787.06923227259,20215.78978297296,128107.2789818185,0.1578035997926555,0.9911081778216608,0.01174406361145396,0.0111305078925648,0.006456045372064931,0.004273788862045146,0.000426028705235734,0.000358799841934531,4.946628406485828e-05,7.805957693800706e-06,5.336991052890684,5.336991052890684,0.008971596014758297,0.2951270403435425,15.11340857444767
Test bi smooth 79 @ Q_l_10 Q_g_500,469.4427420668073,532.1577525440225,2875.905285817099,24403.01423509953,0.1178504121708295,0.9907609437087629,0.03408296383400685,0.03006627249816568,0.01102332269854769,0.006167809777570792,0.002130185239625428,0.001879142031135355,0.000347716597250831,4.097854430464874e-05,7.485333072492398,7.485333072492399,0.00932521245402762,0.4645659214380303,12.83222270648978
Test bi smooth 21 @ Q_l_30 Q_g_3000,1408.341331918116,1745.49921287652,15499.77734906593,80243.85811670747,0.1931584262377178,0.9939597941321353,0.01387714723712075,0.009166432091156649,0.006896813529682311,0.00471179255666242,0.0007100551388618498,0.0005729020056972905,6.451705579243453e-05,1.246201296235769e-05,4.177097471115816,4.177097471115816,0.006076911665364318,0.2259980139062331,18.79700951393145
Test bi smooth 101 @ Q_l_30 Q_g_3500,1408.347561378996,1847.391589456035,20129.05653917263,84698.22472480476,0.2376561799798577,0.9950623747425686,0.01387712649499919,0.008660860042516054,0.006462853294299341,0.004657972256811681,0.0007100519981167439,0.0005413037526572534,4.967942725253546e-05,1.180662290442481e-05,3.207759293634838,3.207759293634838,0.004962126377965765,0.1848725455366149,18.64596711654229
Test bi smooth 104 @ Q_l_40 Q_g_1000,1877.776740065456,2003.209256546555,5751.665172618701,91856.47579734593,0.062615783184498,0.980719825811772,0.01261487122537663,0.007987183539468713,0.008985705041371455,0.004578803509170562,0.0005325446729972498,0.0004991989712167946,0.0001738626936701021,1.08865487307199e-05,14.9704143131691,14.9704143131691,0.01965920712602015,0.642784270317194,20.89359066789982
Test bi smooth 41 @ Q_l_60 Q_g_1000,2816.67132286739,2929.022361913438,5163.014327765772,134601.1977219659,0.03835786319249972,0.9669012701679791,0.01109425280398414,0.01096147712621025,0.009265905008288116,0.004230977164779061,0.0003550289989042788,0.0003414108451349383,0.0001936853040717276,7.429354395981038e-06,25.07027390919769,25.0702739091977,0.0342317575260509,1.013676189202396,16.81321399313465
Test bi smooth 107 @ Q_l_40 Q_g_2500,1877.790526949065,2191.386698938241,14378.29188316978,100474.4330467064,0.1431039862298691,0.9912496320301462,0.01261484110303492,0.007301312911934818,0.007029262174258655,0.004493545738533171,0.0005325407630129796,0.0004563320569959261,6.954929056423799e-05,9.952780719201878e-06,5.987925538242461,5.987925538242462,0.008827612830415383,0.3079965526499611,20.4319896331857
Test bi smooth 23 @ Q_l_30 Q_g_4000,1408.347832935279,1857.905425469303,20665.59009694943,85405.54669586905,0.2419701166546013,0.9951478034521691,0.01387712559080629,0.00861184847229693,0.006421362220204642,0.004649766388325739,0.0007100518612051963,0.0005382405295185582,4.838961749016864e-05,1.170884138896764e-05,3.132741736151839,3.132741736151839,0.004875855155383542,0.1816870065079692,18.62534284224319
Test bi smooth 89 @ Q_l_20 Q_g_1500,938.8875270647577,1127.035208707342,8627.56150781878,51680.49640426281,0.166940376120442,0.9935865517398941,0.01704144483633814,0.01419653962572409,0.008034673600337949,0.005185637785865094,0.001065090302271134,0.0008872837266077554,0.0001159076060012721,1.934965934107235e-05,4.990162615175451,4.990162615175451,0.006454846081476421,0.2613782113556846,16.80444769929676
Test bi smooth 26 @ Q_l_40 Q_g_1500,1877.780243346062,2046.354300021771,7750.16447455344,94080.80170300441,0.0823777469394794,0.9850905779992489,0.01261486357118592,0.007818782895918745,0.008271704247125127,0.004555828010336249,0.0005325436794553104,0.0004886739309949216,0.0001290295197325627,1.062916112425162e-05,11.13920065979313,11.13920065979313,0.01513507725455317,0.5070643931093468,20.70850635960703
Test bi smooth 0 @ Q_l_10 Q_g_500,469.4431502990795,525.6329834463075,2583.473619437473,24167.34256322919,0.1068993668906009,0.9895078892865811,0.03408293419513415,0.0304394901079003,0.01139579047752304,0.00618221212735914,0.002130183387195885,0.001902468131743769,0.0003870757543162917,4.137815307511336e-05,8.354592352482163,8.354592352482165,0.01060336236529006,0.5147314376643366,12.6501039724144
Test bi smooth 53 @ Q_l_70 Q_g_3000,3286.162589158236,3623.342764488933,15498.51020576698,166547.2021282004,0.09305776385145717,0.9839412034120789,0.01058369029751716,0.01027725825410174,0.006896955751551796,0.004053528725138304,0.0003043063064801532,0.000275988242073214,6.45223306449094e-05,6.004303808299618e-06,9.746013643700307,9.746013643700307,0.01632089044775533,0.4940549716566898,15.34686155085352
Test bi smooth 52 @ Q_l_70 Q_g_2500,3286.149633228444,3567.125783485887,12915.84286737619,163972.7644693548,0.07876822049792336,0.9817681284501083,0.0105837029257736,0.01032546247866108,0.007224832240292835,0.004066139597246689,0.0003043075062341456,0.0002803377454839213,7.742429280599838e-05,6.098573767638662e-06,11.69547532848434,11.69547532848433,0.01857044552737099,0.564059654495642,15.74831753310006
Test bi smooth 106 @ Q_l_40 Q_g_2000,1877.784844714826,2128.656878795902,11502.92108614093,97602.63708129006,0.1178546136674619,0.9895719910244756,0.01261485351785383,0.007516476779033818,0.007444938476715852,0.004520862402776521,0.0005325423744975786,0.0004697797986896136,8.693443974025261e-05,1.024562480998472e-05,7.485030571833155,7.485030571833154,0.01053789827330158,0.3655816086626973,20.66918120953813
Test bi smooth 57 @ Q_l_80 Q_g_1000,3755.568819375872,3867.953178746277,5166.682949207412,177822.6778967943,0.02905525330242794,0.9550766656539048,0.01016796091975356,0.0100792793583473,0.00926402126005073,0.004001115869647069,0.0002662712489359168,0.0002585346703509299,0.0001935477771387934,5.623579690889514e-06,33.41718403179218,33.41718403179218,0.04703636468318267,1.313466384204329,16.7936026726377
Test bi smooth 37 @ Q_l_50 Q_g_3000,2347.246084322453,2684.318143939547,15487.96444680612,123340.4632364966,0.1255708308562864,0.9893033071120017,0.01174408509135449,0.01126077378896052,0.006898140003082663,0.004307045939136722,0.0004260311718822853,0.0003725340836583493,6.456626391638036e-05,8.107639405266148e-06,6.963632900896244,6.963632900896245,0.01081234926751068,0.3580317651957969,15.69508008522266
Test bi smooth 96 @ Q_l_30 Q_g_1000,1408.331325348044,1533.763133139571,5751.706504186676,70331.08701919354,0.08178042950789344,0.9856786049623621,0.01387718055609631,0.01043185851471631,0.008985686795951305,0.00484698936127662,0.000710060183993186,0.0006519911571697695,0.0001738614442986787,1.421846358960864e-05,11.22786436825305,11.22786436825304,0.01452947742351039,0.5019362447639242,18.94867167494245
Test bi smooth 50 @ Q_l_70 Q_g_1500,3286.128111308587,3454.706485997952,7749.920681449467,158820.4969558427,0.04879672857089852,0.9726284204405818,0.01058372390353157,0.01042518418998007,0.008271775227230015,0.004092162296986042,0.0003043094992427987,0.0002894601912067017,0.0001290335786782491,6.296416515294201e-06,19.49317708967035,19.49317708967035,0.02814186690845345,0.8377947897876263,16.48919364194199
Test bi smooth 94 @ Q_l_20 Q_g_4000,938.8964284059157,1440.654322323644,23005.03087577342,66052.3682200526,0.3482847246162691,0.9971983342584502,0.01704128327249603,0.01110606462082692,0.006256114647145895,0.004913323577384662,0.001065080204531002,0.0006941290388016824,4.346875278716097e-05,1.513950259388904e-05,1.871214065163993,1.871214065163994,0.002809537125463855,0.1196679696617294,17.16532118989124
Test bi smooth 77 @ Q_l_100 Q_g_3000,4694.542376164841,5031.734127663916,15497.8477735477,231266.1837094606,0.06701303028815325,0.9756978143223559,0.009523167485007918,0.009334579855813777,0.006897030108047954,0.003800461815017878,0.0002130133077671651,0.0001987386405219844,6.452508855499517e-05,4.324021713681662e-06,13.92247098362873,13.92247098362873,0.02490749217730133,0.691962903432532,15.08564760000985
Test bi smooth 103 @ Q_l_40 Q_g_500,1877.774108516021,1940.489797993625,2875.865749381036,88982.32951845367,0.03231951517727599,0.9630213939992887,0.01261487697496722,0.008245340952858008,0.01102336934107603,0.004609589658677097,0.000532545419315791,0.0005153338095536255,0.0003477213775417809,1.12381863389249e-05,29.94105819703339,29.94105819703339,0.03839853011691105,1.147031125763903,20.87868281278763
Test bi smooth 33 @ Q_l_50 Q_g_1000,2347.223276980373,2459.573422026703,5163.065008534647,113030.0051321806,0.04567871161729851,0.9727876710290867,0.01174412113968234,0.0115724522762406,0.009265878972112998,0.004385047983782375,0.0004260353115134696,0.0004065745673800599,0.000193683402852178,8.84720830394169e-06,20.89203601839988,20.89203601839988,0.02797355453952874,0.8606590896865304,16.82251915019115
Test bi smooth 38 @ Q_l_50 Q_g_3500,2347.254222804329,2740.513945225161,18068.7774537961,125916.1153867385,0.1434985299403472,0.9903707842078837,0.01174407222813408,0.01118865971095028,0.006637263765509033,0.004288873377375552,0.0004260296947321166,0.000364895059827123,5.534408747670463e-05,7.941795193797093e-06,5.968712504690489,5.968712504690487,0.009722839107999239,0.3204436709367742,15.34003534480389
Test bi smooth 43 @ Q_l_60 Q_g_2000,2816.684256821683,3041.393150314756,10325.64128515205,139755.6375677533,0.07388354033407922,0.9819503114467099,0.01109423708286316,0.01083578875815726,0.007658814562506399,0.004198856328079921,0.000355027368643864,0.0003287966897329631,9.684628512497024e-05,7.155346413236474e-06,12.53481432370863,12.53481432370863,0.01838146833183188,0.5777194602514888,16.25564082467522
Test bi smooth 9 @ Q_l_20 Q_g_1000,938.8872406766696,1051.267654745029,5166.905228199115,48334.04812189624,0.1068999065662454,0.9893277542156724,0.01704145003447759,0.0152197206180386,0.00926390718564348,0.005263717884589969,0.001065090627154849,0.0009512325386274122,0.0001935394507610394,2.068934920323756e-05,8.354545126569448,8.35454512656945,0.0107873712618003,0.4071696443468671,16.36615100129904
Test bi smooth 61 @ Q_l_80 Q_g_3000,3755.61278984477,4092.792016581479,15498.56435189596,188126.6561461276,0.08238366996677725,0.9817895981188007,0.01016792548752851,0.009912381762095013,0.006896949673964447,0.003956830568152321,0.0002662681314495504,0.0002443319855855402,6.452210522826062e-05,5.315567822686696e-06,11.13832790410125,11.13832790410125,0.01854817153908747,0.5518845045011577,15.48260966144051
Test bi smooth 81 @ Q_l_10 Q_g_1500,469.4432783162433,657.5897012573403,8627.634852632755,30154.40706558837,0.2861152213627323,0.9968391364729027,0.03408292490071933,0.02433128129806063,0.008034655198280621,0.005865380310011956,0.002130182806294958,0.001520705081128789,0.0001159066206533818,3.316264842564856e-05,2.495095420778805,2.495095420778806,0.003170886265843603,0.1831971524304198,13.77269232651436
Test bi smooth 113 @ Q_l_50 Q_g_1500,2347.228351767403,2535.701501061342,8664.855698684749,116576.2215145486,0.07432781390674412,0.9830161806731779,0.01174411311864312,0.01146243040713062,0.008025344422279144,0.004357212251992124,0.0004260343904107266,0.0003943681855224049,0.00011540873094422,8.57807867683549e-06,12.45391378326634,12.45391378326634,0.01727725307145145,0.5611365369777366,16.55318551031379
